<publishData>
  <publishTarget publishUrl="C:\inetpub\wwwroot\TestRte\">
    <file relUrl="bin/Rtf2Html.dll" publishTime="9/26/2007 5:34:18 PM" />
    <file relUrl="bin/AjaxExtControls.dll" publishTime="9/26/2007 10:06:42 AM" />
    <file relUrl="Web.config" publishTime="3/21/2007 1:17:06 PM" />
    <file relUrl="clientsidetest.aspx" publishTime="5/29/2007 3:04:15 PM" />
    <file relUrl="bin/Rtf2Html.pdb" publishTime="9/26/2007 5:34:18 PM" />
    <file relUrl="bin/testSurface.pdb" publishTime="9/27/2007 10:36:47 AM" />
    <file relUrl="bin/AjaxExtControls.pdb" publishTime="9/26/2007 10:06:42 AM" />
    <file relUrl="bin/testSurface.dll" publishTime="9/27/2007 10:36:47 AM" />
    <file relUrl="Default.aspx" publishTime="9/26/2007 5:07:41 PM" />
  </publishTarget>
</publishData>